02/07/2022,BEST BUY #634     _F,,20.65,78.36
02/07/2022,THE E JUICE GAL   _F,16.93,,61.43
02/14/2022,PIZZA PIZZA # 6   _F,5.07,,56.36
02/16/2022,CANADA           PAY,,458.56,514.92
02/16/2022,WATERSHED 144     _F,4.24,,510.68
02/16/2022,SEND E-TFR ***4sU   ,12.00,,498.68
02/16/2022,SKIPTHEDISHES     _V,32.94,,465.74
02/17/2022,PIZZA PIZZA LTD   _V,25.24,,440.50
02/17/2022,SKIPTHEDISHES     _V,22.99,,417.51
02/17/2022,SKIPTHEDISHES     _V,17.84,,399.67
02/18/2022,SKIPTHEDISHES     _V,32.94,,366.73
02/18/2022,SKIPTHEDISHES     _V,10.69,,356.04
02/22/2022,SKIPTHEDISHES     _V,21.29,,334.75
02/28/2022,SKIPTHEDISHES     _V,32.94,,301.81
02/28/2022,SKIPTHEDISHES     _V,23.34,,278.47
02/28/2022,SEND E-TFR ***Rys   ,100.00,,178.47
02/28/2022,PIZZA PIZZA # 6     ,24.21,,154.26
03/01/2022,SKIPTHEDISHES     _V,35.50,,118.76
03/02/2022,CANADA           PAY,,571.29,690.05
03/02/2022,SKIPTHEDISHES     _V,29.45,,660.60
03/02/2022,SKIPTHEDISHES     _V,8.60,,652.00
03/03/2022,E-TRANSFER ***Stb   ,,300.00,952.00
03/03/2022,LRNTN UNIV   U6X6L8 ,300.00,,652.00
03/03/2022,JUICE ON THE LO   _F,18.07,,633.93
03/03/2022,CANNA CABANA        ,104.05,,529.88
03/03/2022,MCDONALD'S #311   _F,14.89,,514.99
03/03/2022,SKIPTHEDISHES     _V,22.55,,492.44
03/04/2022,SKIPTHEDISHES     _V,29.45,,462.99
03/04/2022,LRNTN UNIV   W2H9H6 ,53.21,,409.78
03/07/2022,SKIPTHEDISHES     _V,29.45,,380.33
03/07/2022,SKIPTHEDISHES     _V,19.05,,361.28
03/07/2022,SKIPTHEDISHES     _V,29.45,,331.83
03/07/2022,SKIPTHEDISHES     _V,22.57,,309.26
03/07/2022,SKIPTHEDISHES     _V,22.55,,286.71
03/07/2022,SEND E-TFR ***6eC   ,28.20,,258.51
03/08/2022,SEND E-TFR ***hdn   ,9.50,,249.01
03/08/2022,SKIPTHEDISHES     _V,22.55,,226.46
03/09/2022,NON-TD ATM W/D      ,123.00,,103.46
03/09/2022,LCBO/RAO #0287    _F,22.55,,80.91
03/10/2022,SKIPTHEDISHES     _V,29.45,,51.46
03/10/2022,CANNA CABANA      _F,33.55,,17.91
03/10/2022,E-TRANSFER ***rF2   ,,70.00,87.91
03/11/2022,SKIPTHEDISHES     _V,29.45,,58.46
03/14/2022,SKIPTHEDISHES     _V,29.45,,29.01
03/14/2022,SKIPTHEDISHES     _V,18.05,,10.96
03/16/2022,CANADA           PAY,,571.29,582.25
03/16/2022,SKIPTHEDISHES     _V,29.45,,552.80
03/16/2022,SKIPTHEDISHES     _V,17.05,,535.75
03/17/2022,SKIPTHEDISHES     _V,12.40,,523.35
03/17/2022,DD                _V,19.58,,503.77
03/17/2022,SKIPTHEDISHES     _V,17.05,,486.72
03/18/2022,SKIPTHEDISHES     _V,32.50,,454.22
03/21/2022,DD                _V,18.39,,435.83
03/21/2022,SKIPTHEDISHES     _V,24.45,,411.38
03/21/2022,AIRBNB * H  375.98_V,375.98,,35.40
03/21/2022,E-TRANSFER ***FYC   ,,50.00,85.40
03/21/2022,SKIPTHEDISHES     _V,31.79,,53.61
03/21/2022,SKIPTHEDISHES     _V,29.45,,24.16
03/21/2022,CANNA CABANA      _F,22.36,,1.80
03/22/2022,E-TRANSFER ***Jhr   ,,150.00,151.80
03/22/2022,SKIPTHEDISHES     _V,29.45,,122.35
03/23/2022,SKIPTHEDISHES     _V,22.55,,99.80
03/24/2022,SKIPTHEDISHES     _V,22.55,,77.25
03/25/2022,E-TRANSFER ***jeg   ,,500.00,577.25
03/25/2022,SKIPTHEDISHES     _V,29.45,,547.80
03/28/2022,LAURENTIAN UNIV   _V,2.00,,545.80
03/28/2022,THAI EXPRESS      _M,34.42,,511.38
03/28/2022,NYX ECIGS BATHU   _F,21.46,,489.92
03/28/2022,SQ *FONDA BALAM   _M,46.67,,443.25
03/28/2022,UBER CANADA       _V,11.46,,431.79
03/28/2022,NON-TD ATM W/D      ,42.99,,388.80
03/28/2022,UBER* PENDING     _V,27.35,,361.45
03/28/2022,UBER CANADA       _V,15.77,,345.68
03/28/2022,E-TRANSFER ***EPw   ,,50.00,395.68
03/28/2022,SQ *FRONT LINEZ   _V,30.20,,365.48
03/28/2022,SQ *FRONT LINEZ   _F,25.99,,339.49
03/28/2022,LCBO/RAO #0015    _F,35.90,,303.59
03/29/2022,UBER CANADA       _V,13.20,,290.39
03/29/2022,DALDONGNAE #4     _F,49.94,,240.45
03/29/2022,SKIPTHEDISHES     _V,36.72,,203.73
03/29/2022,UBER* TR REV 03/28_V,,27.35,231.08
03/29/2022,UBER* TRIP        _V,25.98,,205.10
03/29/2022,CHUBBYS JAMAICA   _F,78.11,,126.99
03/30/2022,WINE RACK 330     _F,22.55,,104.44
03/30/2022,CANADA           PAY,,571.29,675.73
03/30/2022,FOGTOWN FLOWER      ,40.68,,635.05
03/30/2022,RACHELS COFFEE    _F,17.00,,618.05
03/30/2022,KINGKONG TTEOKB   _F,40.25,,577.80
03/30/2022,TRESTLE BREWING   _F,42.68,,535.12
03/30/2022,SUNRISE INN - P   _F,120.70,,414.42
03/31/2022,JUICE ON THE LO   _F,16.94,,397.48
03/31/2022,SUKHDEV RESTAUR     ,27.07,,370.41
03/31/2022,WITHDRAWAL FEES     ,48.75,,321.66
03/31/2022,OTHER BANK FEES     ,4.00,,317.66
04/01/2022,CANNA CABANA      _F,32.53,,285.13
04/01/2022,WINE RACK 169     _F,22.55,,262.58
04/04/2022,NON-TD ATM W/D      ,64.00,,198.58
04/04/2022,LCBO/RAO #0407    _F,48.20,,150.38
04/05/2022,CANADA           GST,,74.75,225.13
04/05/2022,SKIPTHEDISHES     _V,26.10,,199.03
04/06/2022,JUICE ON THE LO   _F,33.88,,165.15
04/06/2022,SKIPTHEDISHES     _V,22.55,,142.60
04/06/2022,SKIPTHEDISHES     _V,10.58,,132.02
04/06/2022,SEND E-TFR ***uAX   ,8.50,,123.52
04/07/2022,SKIPTHEDISHES     _V,26.10,,97.42
04/07/2022,WINE RACK 169     _F,42.60,,54.82
04/11/2022,SKIPTHEDISHES     _V,22.55,,32.27
04/11/2022,NON-TD ATM W/D      ,23.75,,8.52
04/13/2022,CANADA           PAY,,571.29,579.81
04/13/2022,WINE RACK 169     _F,22.55,,557.26
04/13/2022,CANNA CABANA      _M,32.53,,524.73
04/14/2022,LRNTN UNIV   W6K3K7 ,500.00,,24.73
04/14/2022,SKIPTHEDISHES     _V,22.55,,2.18
04/27/2022,CANADA           PAY,,571.29,573.47
04/27/2022,URIDE             _V,19.22,,554.25
04/27/2022,URIDE             _V,0.39,,553.86
04/27/2022,MCDONALD'S #311   _M,7.67,,546.19
04/27/2022,CANNA CABANA      _F,34.34,,511.85
04/27/2022,JUICE ON THE LO   _F,20.33,,491.52
04/27/2022,URIDE             _V,18.85,,472.67
04/27/2022,URIDE             _V,0.15,,472.52
04/27/2022,SKIPTHEDISHES     _V,24.15,,448.37
04/27/2022,LICKS HOMEBURGE   _F,18.62,,429.75
04/29/2022,Sony Inter   24.17_V,24.17,,405.58
04/29/2022,SOBEYS #865         ,20.29,,385.29
04/29/2022,WITHDRAWAL FEES     ,3.75,,381.54
04/29/2022,OTHER BANK FEES     ,4.00,,377.54
05/02/2022,PEARL CONVENIEN   _F,22.60,,354.94
05/02/2022,PIZZA DEPOT BRA   _F,5.75,,349.19
05/02/2022,CANNABIS XPRESS   _F,39.54,,309.65
05/03/2022,SOBEYS #865       _F,10.64,,299.01
05/03/2022,THE INDIAN STRE   _F,1.70,,297.31
05/05/2022,SOBEYS #865       _F,33.01,,264.30
05/05/2022,DAISY MART        _F,20.33,,243.97
05/05/2022,KFC/TACO BELL     _F,10.95,,233.02
05/05/2022,SOBEYS #865       _F,3.40,,229.62
05/06/2022,SOBEYS #865         ,3.40,,226.22
05/06/2022,SOBEYS #865       _F,17.75,,208.47
05/06/2022,RICK'S KITCHEN    _F,7.32,,201.15
05/06/2022,BOAR N WING SPO   _M,38.13,,163.02
05/09/2022,DAISY MART        _F,11.30,,151.72
05/09/2022,CANNABIS XPRESS   _F,39.54,,112.18
05/09/2022,AVO CONVENIENCE   _F,14.99,,97.19
05/09/2022,SOBEYS #865       _F,18.59,,78.60
05/09/2022,SOBEYS #865       _M,1.13,,77.47
05/09/2022,ONLYFANS.C    9.04_V,12.09,,65.38
05/09/2022,PEARL CONVENIEN   _F,22.60,,42.78
05/09/2022,SOBEYS #865       _M,21.50,,21.28
05/10/2022,LCBO/RAO #470     _F,18.45,,2.83
05/11/2022,CANADA           PAY,,364.07,366.90
05/12/2022,CANNABIS XPRESS   _M,37.28,,329.62
05/12/2022,CITY SOUTH PIZZ   _M,4.86,,324.76
05/12/2022,ONLYFANS.C   14.13_V,19.13,,305.63
05/13/2022,THE INDIAN STRE   _F,7.90,,297.73
05/13/2022,SOBEYS #865         ,23.35,,274.38
05/16/2022,LICKS HOMEBURGE   _M,19.20,,255.18
05/16/2022,SKIPTHEDISHES     _V,26.10,,229.08
05/16/2022,SH VENDING80036   _M,1.90,,227.18
05/16/2022,SH VENDING80036   _M,3.65,,223.53
05/16/2022,LOCKERBY TRANSP   _M,40.25,,183.28
05/16/2022,TIM HORTONS #30   _M,8.99,,174.29
05/16/2022,P.B. YORKDALE     _M,39.09,,135.20
05/16/2022,PEARL CONVENIEN   _F,22.60,,112.60
05/16/2022,THE INDIAN STRE   _M,7.90,,104.70
05/16/2022,CANNABIS XPRESS   _F,40.67,,64.03
05/18/2022,SOBEYS #865       _M,13.95,,50.08
05/18/2022,SOBEYS #865       _M,4.69,,45.39
05/19/2022,PEARL CONVENIEN   _M,22.60,,22.79
05/19/2022,LCBO/RAO #0171    _F,3.10,,19.69
05/24/2022,SKIPTHEDISHES     _V,17.75,,1.94
05/25/2022,CANADA           PAY,,61.59,63.53
05/25/2022,CANADA           PAY,,978.51,1042.04
05/25/2022,SEND E-TFR ***TTr   ,400.00,,642.04
05/25/2022,SKIPTHEDISHES     _V,22.55,,619.49
05/25/2022,SHOPPERS DRUG M   _F,85.08,,534.41
05/25/2022,ROSE APPLE ASIA     ,80.60,,453.81
05/25/2022,CANNA CABANA      _F,6.43,,447.38
05/27/2022,HIGHLIFE SUDBUR   _F,1.13,,446.25
05/27/2022,FAMOUS PLAYER #   _F,24.37,,421.88
05/27/2022,SHOPPERS DRUG M   _F,62.85,,359.03
05/27/2022,CANNA CABANA      _F,53.57,,305.46
05/30/2022,POPEYES #13854    _M,19.75,,285.71
05/30/2022,LCBO/RAO #0050    _M,15.45,,270.26
05/30/2022,JUICE ON THE LO   _F,20.33,,249.93
05/30/2022,THAI EXPRESS      _M,30.13,,219.80
05/31/2022,SHOPPERS DRUG M   _M,5.57,,214.23
05/31/2022,CANNA CABANA        ,34.06,,180.17
05/31/2022,REHAN'S YIG #16   _F,53.58,,126.59
05/31/2022,POPEYES #13854    _F,16.93,,109.66
06/01/2022,SKIPTHEDISHES     _V,22.55,,87.11
06/02/2022,SKIPTHEDISHES     _V,22.55,,64.56
06/03/2022,NON-TD ATM W/D      ,43.00,,21.56
06/03/2022,SH VENDING80036   _M,2.65,,18.91
06/03/2022,SKIPTHEDISHES     _V,18.35,,0.56
06/07/2022,E-TRANSFER ***QEY   ,,40.00,40.56
06/07/2022,TD ATM W/D    004914,40.00,,0.56
06/08/2022,CANADA           PAY,,1083.97,1084.53
06/08/2022,SKIPTHEDISHES     _V,22.55,,1061.98
06/08/2022,URIDE             _V,25.86,,1036.12
06/08/2022,JUICE ON THE LO   _F,22.59,,1013.53
06/08/2022,MCDONALD'S #311   _F,11.97,,1001.56
06/08/2022,URIDE             _V,24.79,,976.77
06/08/2022,THE BEER STORE    _F,3.10,,973.67
06/09/2022,URIDE    REV 06/08_V,,25.86,999.53
06/09/2022,URIDE             _V,22.96,,976.57
06/09/2022,URIDE    REV 06/08_V,,24.79,1001.36
06/09/2022,URIDE             _V,19.15,,982.21
06/09/2022,E-TRANSFER ***K4C   ,,3000.00,3982.21
06/09/2022,LRNTN UNIV   H2X6K6 ,3000.00,,982.21
06/09/2022,SKIPTHEDISHES     _V,17.55,,964.66
06/09/2022,SKIPTHEDISHES     _V,16.55,,948.11
06/10/2022,E-TRANSFER ***F6n   ,,3000.00,3948.11
06/10/2022,LRNTN UNIV   H5X2A4 ,2500.00,,1448.11
06/10/2022,SKIPTHEDISHES     _V,22.55,,1425.56
06/10/2022,LRNTN UNIV   H5Y2L8 ,245.00,,1180.56
06/10/2022,SKIPTHEDISHES     _V,41.29,,1139.27
06/10/2022,CANNA CABANA      _F,33.27,,1106.00
06/13/2022,GIANT TIGER # 2   _F,110.01,,995.99
06/13/2022,REHAN'S YIG #16     ,120.08,,875.91
06/13/2022,WINE RACK 169     _F,15.45,,860.46
06/13/2022,JUICE ON THE LO   _F,18.07,,842.39
06/13/2022,CANNA CABANA      _F,42.53,,799.86
06/13/2022,FOOD BASICS  63     ,30.24,,769.62
06/13/2022,SH VENDING80036   _M,2.65,,766.97
06/14/2022,POPEYES #13854    _F,19.75,,747.22
06/14/2022,HIGHLIFE SUDBUR   _F,28.24,,718.98
06/15/2022,SKIPTHEDISHES     _V,22.55,,696.43
06/15/2022,SKIPTHEDISHES     _V,22.55,,673.88
06/15/2022,SKIPTHEDISHES     _V,,22.55,696.43
06/16/2022,SKIPTHEDISHES     _V,22.55,,673.88
06/17/2022,SKIPTHEDISHES     _V,21.60,,652.28
06/17/2022,TIM HORTONS #10   _M,4.19,,648.09
06/20/2022,PEARL CONVENIEN   _M,22.60,,625.49
06/20/2022,CONVENIENCE S     _M,16.00,,609.49
06/20/2022,CANNABIS XPRESS   _F,38.41,,571.08
06/20/2022,LRNTN UNIV   L5H5L2 ,362.55,,208.53
06/21/2022,TD ATM W/D    000423,50.00,,158.53
06/21/2022,SOBEYS #865       _F,21.44,,137.09
06/22/2022,CANADA           PAY,,1083.96,1221.05
06/22/2022,MCDONALD'S #291   _F,13.89,,1207.16
06/23/2022,AMZN Mktp CA      _V,316.95,,890.21
06/23/2022,SKIPTHEDISHES     _V,22.55,,867.66
06/23/2022,JUICE ON THE LO   _F,21.46,,846.20
06/24/2022,REHAN'S YIG #16     ,300.93,,545.27
06/24/2022,WINE RACK 169     _F,22.55,,522.72
06/27/2022,POPEYES #13854    _M,18.61,,504.11
06/27/2022,GIANT TIGER # 2   _F,76.68,,427.43
06/27/2022,LCBO/RAO #0407    _F,26.00,,401.43
06/27/2022,SKIPTHEDISHES     _V,22.55,,378.88
06/27/2022,WINE RACK 169     _M,15.45,,363.43
06/29/2022,DI GUSTO PIZZA      ,122.21,,241.22
06/30/2022,REHAN'S YIG #16   _M,26.90,,214.32
06/30/2022,REHAN'S YIG #16   _F,1.99,,212.33
06/30/2022,WINE RACK 169     _F,22.55,,189.78
06/30/2022,Sony Inter   11.29_V,11.29,,178.49
06/30/2022,OTHER BANK FEES     ,2.00,,176.49
07/04/2022,REHAN'S YIG #16   _M,9.54,,166.95
07/04/2022,WINE RACK 169     _M,29.65,,137.30
07/04/2022,CANNA CABANA      _F,31.00,,106.30
07/04/2022,REHAN'S YIG #16   _F,12.01,,94.29
07/04/2022,WINE RACK 169     _F,30.55,,63.74
07/04/2022,TIM HORTONS #00   _F,2.72,,61.02
07/04/2022,SKIPTHEDISHES     _V,26.10,,34.92
07/05/2022,WINE RACK 169     _M,26.10,,8.82
07/06/2022,CANADA           PAY,,1083.98,1092.80
07/06/2022,OKINAWA SUSHI     _F,104.46,,988.34
07/07/2022,SKIPTHEDISHES     _V,29.65,,958.69
07/07/2022,SKIPTHEDISHES     _V,24.59,,934.10
07/07/2022,        EQ BANK  FTD,200.00,,734.10
07/08/2022,SKIPTHEDISHES     _V,29.65,,704.45
07/11/2022,SKIPTHEDISHES     _V,24.65,,679.80
07/11/2022,SHOPPERS DRUG M   _M,19.55,,660.25
07/11/2022,POPEYES #13854    _M,11.29,,648.96
07/11/2022,SKIPTHEDISHES     _V,26.10,,622.86
07/11/2022,SEND E-TFR ***Nst   ,45.00,,577.86
07/11/2022,Highlife Cannab   _V,43.17,,534.69
07/11/2022,SKIPTHEDISHES     _V,29.65,,505.04
07/11/2022,TD ATM W/D    007609,40.00,,465.04
07/11/2022,THE PITA PIT        ,12.76,,452.28
07/11/2022,URIDE             _V,24.67,,427.61
07/12/2022,URIDE    REV 07/11_V,,24.67,452.28
07/12/2022,URIDE             _V,20.50,,431.78
07/12/2022,SKIPTHEDISHES     _V,26.10,,405.68
07/13/2022,SKIPTHEDISHES     _V,22.55,,383.13
07/14/2022,SKIPTHEDISHES     _V,22.55,,360.58
07/14/2022,7 STAR DUMPLING   _M,32.75,,327.83
07/18/2022,NON-TD ATM W/D      ,23.00,,304.83
07/18/2022,SH VENDING80036   _M,2.65,,302.18
07/18/2022,SH VENDING80036   _M,2.65,,299.53
07/18/2022,SEND E-TFR ***5eK   ,30.00,,269.53
07/18/2022,VESPA ST KITCHE   _M,36.13,,233.40
07/18/2022,VESPA ST KITCHE   _M,6.76,,226.64
07/18/2022,WINE RACK 169     _M,37.70,,188.94
07/18/2022,SQ *ECLOUDZ       _F,25.98,,162.96
07/19/2022,Five Guys         _M,31.14,,131.82
07/20/2022,CANADA           PAY,,941.39,1073.21
07/20/2022,REHAN'S YIG #16   _M,29.37,,1043.84
07/20/2022,WINE RACK 169     _M,30.60,,1013.24
07/21/2022,SEND E-TFR ***G6n   ,5.00,,1008.24
07/21/2022,SUB WORLD         _M,30.15,,978.09
07/21/2022,WINE RACK 169     _M,37.00,,941.09
07/21/2022,        EQ BANK  FTD,300.00,,641.09
07/22/2022,MARY BROWNS #62   _M,12.75,,628.34
07/22/2022,REHAN'S YIG #16   _M,7.00,,621.34
07/22/2022,WINE RACK 169     _M,34.90,,586.44
07/25/2022,WINE RACK 169     _M,28.90,,557.54
07/25/2022,CANNA CABANA      _M,34.34,,523.20
07/25/2022,Highlife Cannab   _V,27.11,,496.09
07/26/2022,GINGERSNAP    1.00_V,1.00,,495.09
07/26/2022,SHOPPERS DRUG M   _M,22.59,,472.50
07/27/2022,Highlife Cannab   _V,27.11,,445.39
07/28/2022,SH VENDING80036   _M,2.40,,442.99
07/28/2022,WINE RACK 169     _M,23.50,,419.49
07/28/2022,KFC #1533         _M,22.35,,397.14
07/29/2022,Highlife Cannab   _V,27.11,,370.03
07/29/2022,Subway            _M,32.39,,337.64
07/29/2022,OTHER BANK FEES     ,2.00,,335.64
08/02/2022,SKIPTHEDISHES     _V,23.14,,312.50
08/02/2022,AMZN Mktp CA      _V,124.84,,187.66
08/02/2022,NEW BURGER PLAN   _V,17.52,,170.14
08/02/2022,JUICE ON THE LO   _M,11.29,,158.85
08/02/2022,WATERSHED 144     _M,8.75,,150.10
08/02/2022,D   A FINE MEAT   _M,22.26,,127.84
08/02/2022,REHAN'S YIG #16   _M,27.81,,100.03
08/02/2022,JUICE ON THE LO   _M,11.29,,88.74
08/02/2022,SKIPTHEDISHES     _V,22.55,,66.19
08/03/2022,CANADA           PAY,,1083.86,1150.05
08/03/2022,UBER* EATS PEND   _V,20.32,,1129.73
08/03/2022,DI GUSTO PIZZA    _F,133.85,,995.88
08/04/2022,Highlife Cannab   _V,27.11,,968.77
08/05/2022,REHAN'S YIG #16   _M,11.97,,956.80
08/05/2022,WINE RACK 169     _M,30.60,,926.20
08/05/2022,JUICE ON THE LO   _M,11.29,,914.91
08/08/2022,SKIPTHEDISHES     _V,29.65,,885.26
08/08/2022,Highlife Cannab   _V,27.11,,858.15
08/08/2022,SH VENDING80036   _M,2.65,,855.50
08/08/2022,REHAN'S YIG #16   _M,126.73,,728.77
08/08/2022,WINE RACK 169     _M,24.45,,704.32
08/08/2022,BOOSTER JUICE #   _M,9.54,,694.78
08/08/2022,KFC #1533         _M,11.18,,683.60
08/08/2022,Highlife Cannab   _V,31.90,,651.70
08/08/2022,SKIPTHEDISHES     _V,22.55,,629.15
08/08/2022,UBER CANADA       _V,15.21,,613.94
08/08/2022,JUICE ON THE LO   _F,21.46,,592.48
08/08/2022,URIDE             _V,23.38,,569.10
08/09/2022,URIDE    REV 08/08_V,,23.38,592.48
08/09/2022,URIDE             _V,20.15,,572.33
08/09/2022,SKIPTHEDISHES     _V,22.55,,549.78
08/10/2022,SKIPTHEDISHES     _V,22.55,,527.23
08/11/2022,SKIPTHEDISHES     _V,25.05,,502.18
08/11/2022,UBER* EATS PEND   _V,29.71,,472.47
08/12/2022,SKIPTHEDISHES     _V,20.05,,452.42
08/12/2022,UBER CANADA       _V,13.33,,439.09
08/15/2022,JUICE ON THE LO   _M,14.68,,424.41
08/15/2022,WINE RACK 169     _M,17.95,,406.46
08/15/2022,THE LAUGHING BU   _M,39.64,,366.82
08/15/2022,SKIPTHEDISHES     _V,25.05,,341.77
08/15/2022,SKIPTHEDISHES     _V,35.86,,305.91
08/15/2022,SKIPTHEDISHES     _V,25.05,,280.86
08/16/2022,UBER CANADA       _V,19.87,,260.99
08/16/2022,JUICE ON THE LO   _M,21.46,,239.53
08/16/2022,WINE RACK 169     _M,21.50,,218.03
08/16/2022,Highlife Cannab   _V,27.11,,190.92
08/17/2022,CANADA           PAY,,225.48,416.40
08/17/2022,CANADA           PAY,,819.54,1235.94
08/17/2022,SKIPTHEDISHES     _V,25.05,,1210.89
08/17/2022,UBER CANADA       _V,16.92,,1193.97
08/18/2022,SEND E-TFR ***Rmf   ,5.00,,1188.97
08/18/2022,SEND E-TFR ***tVJ   ,5.00,,1183.97
08/18/2022,SKIPTHEDISHES     _V,25.05,,1158.92
08/18/2022,UBER* EATS PEND   _V,27.45,,1131.47
08/18/2022,        EQ BANK  FTD,300.00,,831.47
08/19/2022,NON-TD ATM W/D      ,23.00,,808.47
08/19/2022,JUICE ON THE LO   _M,14.68,,793.79
08/19/2022,WINE RACK 169     _M,39.45,,754.34
08/19/2022,Store             _M,12.42,,741.92
08/19/2022,URIDE             _V,17.62,,724.30
08/22/2022,URIDE    REV 08/19_V,,17.62,741.92
08/22/2022,URIDE             _V,13.74,,728.18
08/22/2022,UBER* EATS PEND   _V,22.45,,705.73
08/22/2022,SKIPTHEDISHES     _V,35.86,,669.87
08/22/2022,SKIPTHEDISHES     _V,28.60,,641.27
08/22/2022,UBER CANADA       _V,28.45,,612.82
08/22/2022,SKIPTHEDISHES     _V,43.69,,569.13
08/22/2022,SH VENDING80036   _M,2.40,,566.73
08/22/2022,SKIPTHEDISHES     _V,18.71,,548.02
08/23/2022,OKINAWA SUSHI     _M,111.70,,436.32
08/23/2022,JUICE ON THE LO   _M,21.46,,414.86
08/24/2022,FIVE GUYS BURGE   _V,20.42,,394.44
08/24/2022,THE BARBER SHOP   _M,39.29,,355.15
08/24/2022,LCBO/RAO #652     _M,22.45,,332.70
08/24/2022,A W #4598         _M,15.01,,317.69
08/25/2022,UBER* EATS PEND   _V,21.88,,295.81
08/25/2022,WINE RACK 169     _M,20.50,,275.31
08/25/2022,CANNA CABANA      _M,23.61,,251.70
08/25/2022,Store             _M,34.54,,217.16
08/26/2022,POPEYES #13854    _M,24.84,,192.32
08/26/2022,WATERSHED 144     _M,4.46,,187.86
08/29/2022,NEW BURGER PLAN   _V,19.50,,168.36
08/29/2022,JUICE ON THE LO   _M,14.68,,153.68
08/29/2022,MISS JONES TIMM   _M,44.02,,109.66
08/29/2022,Store             _M,26.97,,82.69
08/29/2022,E-TRANSFER ***9HS   ,,3000.00,3082.69
08/29/2022,LRNTN UNIV   H3X7H9 ,2500.00,,582.69
08/29/2022,DI GUSTO PIZZA    _M,114.61,,468.08
08/29/2022,CANNA CABANA      _M,15.80,,452.28
08/30/2022,E-TRANSFER ***pT2   ,,3000.00,3452.28
08/30/2022,LRNTN UNIV   H6X4H3 ,3000.00,,452.28
08/30/2022,MTO E-COMMERCE    _V,91.25,,361.03
08/30/2022,MTO E-COMMERCE    _V,91.25,,269.78
08/31/2022,CANADA           PAY,,1013.64,1283.42
08/31/2022,OTHER BANK FEES     ,2.00,,1281.42
09/01/2022,SPIRITLEAF - SA   _M,40.00,,1241.42
09/01/2022,THE INDIAN STRE   _M,10.72,,1230.70
09/01/2022,180 SMOKE         _M,11.29,,1219.41
09/01/2022,ICECREAM CAFE     _M,3.94,,1215.47
09/01/2022,        EQ BANK  FTD,200.00,,1015.47
09/06/2022,MTO E-CO REV 08/30_V,,91.25,1106.72
09/06/2022,TIM HORTONS #30   _M,11.73,,1094.99
09/06/2022,REHAN'S YIG #16   _M,12.23,,1082.76
09/06/2022,LCBO/RAO #0407    _M,15.95,,1066.81
09/07/2022,SKIPTHEDISHES     _V,28.00,,1038.81
09/08/2022,JUICE ON THE LO   _M,33.88,,1004.93
09/08/2022,WINE RACK 169     _M,23.35,,981.58
09/08/2022,TIM HORTONS #04   _M,5.87,,975.71
09/08/2022,CHARTWELLS-1755   _M,21.66,,954.05
09/09/2022,CHARTWELLS-1755   _M,11.29,,942.76
09/09/2022,SKIPTHEDISHES     _V,27.60,,915.16
09/12/2022,UBER* EATS PEND   _V,22.80,,892.36
09/12/2022,SH VENDING80036   _M,1.90,,890.46
09/12/2022,SHOPPERS DRUG M   _M,41.72,,848.74
09/12/2022,REHAN'S YIG #16   _M,45.40,,803.34
09/12/2022,WINE RACK 169     _M,31.90,,771.44
09/12/2022,D   A FINE MEAT   _M,3.26,,768.18
09/12/2022,UBER CANADA       _V,38.64,,729.54
09/12/2022,PIZZERIA ROMA 1   _M,17.68,,711.86
09/12/2022,PIZZERIA ROMA 1   _M,1.25,,710.61
09/12/2022,SHOPPERS DRUG M   _M,112.50,,598.11
09/12/2022,CANNA CABANA      _M,34.34,,563.77
09/12/2022,FOOD BASICS  63   _M,20.84,,542.93
09/12/2022,BOOSTER JUICE #   _M,10.33,,532.60
09/13/2022,CHARTWELLS-1755   _M,0.51,,532.09
09/13/2022,TIM HORTONS #04   _M,5.87,,526.22
09/13/2022,SKIPTHEDISHES     _V,24.05,,502.17
09/13/2022,SKIPTHEDISHES     _V,30.24,,471.93
09/14/2022,SKIPTHEDISHES     _V,7.76,,464.17
09/14/2022,CANADA           PAY,,900.54,1364.71
09/14/2022,REHAN'S YIG #16   _M,141.65,,1223.06
09/14/2022,WINE RACK 169     _M,20.50,,1202.56
09/14/2022,D   A FINE MEAT   _M,21.71,,1180.85
09/15/2022,SKIPTHEDISHES     _V,24.05,,1156.80
09/15/2022,        EQ BANK  FTD,300.00,,856.80
09/16/2022,SKIPTHEDISHES     _V,22.60,,834.20
09/16/2022,PIZZERIA ROMA 1   _M,50.91,,783.29
09/19/2022,CORA SUDBURY      _M,41.41,,741.88
09/19/2022,REHAN'S YIG #16   _M,5.99,,735.89
09/19/2022,WINE RACK 169     _M,20.50,,715.39
09/19/2022,REHAN'S YIG #16   _M,7.99,,707.40
09/19/2022,WINE RACK 169     _M,20.50,,686.90
09/19/2022,KFC #1533         _M,2.36,,684.54
09/19/2022,SEND E-TFR ***PjP   ,18.00,,666.54
09/19/2022,WINE RACK 169     _M,14.95,,651.59
09/20/2022,LCBO/RAO #0407    _M,25.45,,626.14
09/20/2022,UBER CANADA       _V,24.78,,601.36
09/20/2022,SKIPTHEDISHES     _V,17.05,,584.31
09/21/2022,SKIPTHEDISHES     _V,21.16,,563.15
09/22/2022,WINE RACK 169     _M,18.90,,544.25
09/22/2022,TIM HORTONS #04   _M,5.63,,538.62
09/23/2022,MCDONALD'S #250   _M,3.82,,534.80
09/23/2022,SUKHDEV RESTAUR   _M,20.82,,513.98
09/23/2022,ESSO MCKERROW #   _M,9.38,,504.60
09/23/2022,SH VENDING80036   _M,2.65,,501.95
09/26/2022,SKIPTHEDISHES     _V,24.05,,477.90
09/26/2022,AARON TAXI        _M,24.50,,453.40
09/26/2022,AARON TAXI        _M,44.00,,409.40
09/26/2022,JUICE ON THE LO   _M,33.88,,375.52
09/26/2022,MCDONALD'S #311   _M,16.60,,358.92
09/26/2022,WINE RACK 169     _M,14.95,,343.97
09/26/2022,DAMASCUS RESTAU   _M,11.06,,332.91
09/26/2022,DAMASCUS RESTAU   _M,1.70,,331.21
09/26/2022,REHAN'S YIG #16   _M,18.17,,313.04
09/26/2022,WINE RACK 169     _M,14.95,,298.09
09/26/2022,UBER* EATS PEND   _V,47.05,,251.04
09/26/2022,UBER* EATS PEND   _V,,47.05,298.09
09/27/2022,MARY BROWNS #62   _M,13.55,,284.54
09/27/2022,LCBO/RAO #0407    _M,14.00,,270.54
09/28/2022,CANADA           PAY,,517.34,787.88
09/29/2022,PIZZERIA ROMA 1   _M,22.71,,765.17
09/29/2022,WINE RACK 166     _M,18.90,,746.27
09/29/2022,INTEREST CREDIT     ,,0.01,746.28
10/03/2022,SKIPTHEDISHES     _V,24.05,,722.23
10/03/2022,WINE RACK 169     _M,18.90,,703.33
10/03/2022,OSMOW'S           _M,20.60,,682.73
10/03/2022,SQ *NICKEL CITY   _M,33.90,,648.83
10/03/2022,POPEYES #13854    _M,11.29,,637.54
10/03/2022,POPEYES #13854    _M,7.90,,629.64
10/03/2022,E-TRANSFER ***Np9   ,,200.00,829.64
10/03/2022,REHAN'S YIG #16   _M,249.70,,579.94
10/03/2022,WINE RACK 169     _M,18.90,,561.04
10/03/2022,SEND E-TFR ***uGB   ,48.00,,513.04
10/03/2022,LCBO/RAO #0407    _M,14.50,,498.54
10/03/2022,JUICE ON THE LO   _M,33.88,,464.66
10/03/2022,        EQ BANK  FTD,200.00,,264.66
10/04/2022,SKIPTHEDISHES     _V,24.05,,240.61
10/06/2022,UBER* EATS PEND   _V,16.92,,223.69
10/06/2022,UBER* EATS PEND   _V,1.13,,222.56
10/06/2022,WINE RACK 169     _M,24.90,,197.66
10/06/2022,DD                _V,44.04,,153.62
10/06/2022,E-TRANSFER ***74v   ,,30.00,183.62
10/07/2022,WINE RACK 169     _M,14.95,,168.67
10/07/2022,CHARTWELLS-1755   _M,10.72,,157.95
10/07/2022,CANNA CABANA      _M,27.90,,130.05
10/07/2022,KEY MARINE RESO   _M,2.47,,127.58
10/11/2022,MTO RUS-SO BRAM   _M,36.00,,91.58
10/11/2022,SHELL C12185      _M,5.00,,86.58
10/11/2022,SEND E-TFR ***p7z   ,50.00,,36.58
10/12/2022,CANADA           PAY,,593.67,630.25
10/12/2022,REHAN'S YIG #16   _M,71.02,,559.23
10/12/2022,WINE RACK 169     _M,23.95,,535.28
10/13/2022,LRNTN UNIV   J3X8R3 ,75.00,,460.28
10/14/2022,D   A FINE MEAT   _M,7.63,,452.65
10/14/2022,KFC #1533         _M,11.85,,440.80
10/14/2022,        EQ BANK  FTD,100.00,,340.80
10/17/2022,THE LAUGHING BU   _M,55.94,,284.86
10/17/2022,Store             _M,10.71,,274.15
10/17/2022,CHARTWELLS-1755   _M,6.20,,267.95
10/18/2022,WALMART STORE #   _M,30.48,,237.47
10/18/2022,JUICE ON THE LO   _M,33.88,,203.59
10/19/2022,UBER CANADA       _V,27.21,,176.38
10/19/2022,LCBO/RAO #0407    _M,15.25,,161.13
10/20/2022,CANNA CABANA      _M,28.87,,132.26
10/20/2022,CHARTWELLS-1755   _M,7.90,,124.36
10/20/2022,E-TRANSFER ***3Z5   ,,150.00,274.36
10/20/2022,REHAN'S YIG #16   _M,6.99,,267.37
10/20/2022,WINE RACK 169     _M,22.05,,245.32
10/20/2022,SHOPPERS DRUG M   _M,96.01,,149.31
10/21/2022,LCBO/RAO #0407    _M,14.95,,134.36
10/21/2022,DOLLARAMA # 302   _M,8.57,,125.79
10/21/2022,A W #4562         _M,18.06,,107.73
10/21/2022,SKIPTHEDISHES     _V,27.04,,80.69
10/24/2022,LCBO/RAO #0407    _M,16.45,,64.24
10/24/2022,Store             _M,12.42,,51.82
10/24/2022,TIM HORTONS #00   _M,8.78,,43.04
10/24/2022,WINE RACK 169     _M,19.90,,23.14
10/24/2022,CHARTWELLS-1755   _M,7.90,,15.24
10/24/2022,LCBO/RAO #0407    _M,11.95,,3.29
10/25/2022,E-TRANSFER ***Ub6   ,,25.00,28.29
10/25/2022,SKIPTHEDISHES     _V,24.05,,4.24
10/25/2022,E-TRANSFER ***xAM   ,,20.00,24.24
10/25/2022,SKIPTHEDISHES     _V,24.05,,0.19
10/26/2022,CANADA           PAY,,593.67,593.86
10/26/2022,SKIPTHEDISHES     _V,0.56,,593.30
10/26/2022,Highlife Cannab   _V,27.11,,566.19
10/26/2022,CHARTWELLS-1755   _M,12.87,,553.32
10/27/2022,CHARTWELLS-1755   _M,9.35,,543.97
10/27/2022,WINE RACK 169     _M,16.95,,527.02
10/28/2022,JD SOUTHERN SMO   _M,20.34,,506.68
10/28/2022,JD SOUTHERN SMO   _M,2.63,,504.05
10/28/2022,WINE RACK 169     _M,16.95,,487.10
10/31/2022,SKIPTHEDISHES     _V,24.90,,462.20
10/31/2022,D   A FINE MEAT   _M,17.25,,444.95
10/31/2022,REHAN'S YIG #16   _M,17.95,,427.00
10/31/2022,WINE RACK 169     _M,16.95,,410.05
10/31/2022,KFC #1533         _M,11.85,,398.20
10/31/2022,Highlife Cannab   _V,27.11,,371.09
10/31/2022,CHARTWELLS-1755   _M,12.87,,358.22
10/31/2022,CHARTWELLS-1755   _M,7.90,,350.32
10/31/2022,SH VENDING80036   _M,2.90,,347.42
10/31/2022,E-TRANSFER ***8gJ   ,,80.00,427.42
10/31/2022,SEND E-TFR ***x83   ,80.00,,347.42
11/01/2022,SH VENDING80036   _M,3.40,,344.02
11/01/2022,LCBO/RAO #0407    _M,21.75,,322.27
11/01/2022,MCDONALD'S #311   _M,6.77,,315.50
11/02/2022,LCBO/RAO #652     _M,18.60,,296.90
11/02/2022,UBER* EATS PEND   _V,23.67,,273.23
11/03/2022,REHAN'S YIG #16   _M,14.68,,258.55
11/03/2022,WINE RACK 169     _M,14.95,,243.60
11/03/2022,MCDONALD'S #311   _M,8.69,,234.91
11/07/2022,SQ *ECLOUDZ       _M,33.87,,201.04
11/07/2022,OKINAWA SUSHI     _M,55.96,,145.08
11/07/2022,WINE RACK 169     _M,16.95,,128.13
11/07/2022,LCBO/RAO #0407    _M,15.75,,112.38
11/07/2022,SUBWAY            _M,12.42,,99.96
11/07/2022,UBER CANADA       _V,21.21,,78.75
11/07/2022,CHARTWELLS-1755   _M,12.87,,65.88
11/08/2022,TIM HORTONS #04   _M,2.09,,63.79
11/08/2022,REHAN'S YIG #16   _M,22.59,,41.20
11/08/2022,WINE RACK 169     _M,16.95,,24.25
11/09/2022,CANADA           PAY,,358.55,382.80
11/09/2022,UBER CANADA       _V,27.21,,355.59
11/09/2022,SKIPTHEDISHES     _V,25.58,,330.01
11/09/2022,SKIPTHEDISHES     _V,35.86,,294.15
11/10/2022,SKIPTHEDISHES     _V,24.05,,270.10
11/14/2022,SKIPTHEDISHES     _V,61.79,,208.31
11/14/2022,Teklenburg's Se   _M,103.90,,104.41
11/14/2022,LCBO/RAO #0287    _M,29.95,,74.46
11/14/2022,LCBO/RAO #0050    _M,26.40,,48.06
11/14/2022,WINE RACK 169     _M,18.50,,29.56
11/14/2022,UBER* EATS PEND   _V,16.00,,13.56
11/14/2022,E-TRANSFER ***5P7   ,,100.00,113.56
11/14/2022,Highlife Cannab   _V,27.11,,86.45
11/14/2022,E-TRANSFER ***bUZ   ,,200.00,286.45
11/15/2022,DI GUSTO PIZZA    _M,100.05,,186.40
11/16/2022,SKIPTHEDISHES     _V,22.60,,163.80
11/16/2022,SKIPTHEDISHES     _V,17.05,,146.75
11/16/2022,SEND E-TFR ***W9x   ,60.00,,86.75
11/17/2022,UBER* EATS PEND   _V,16.68,,70.07
11/17/2022,Store             _M,9.82,,60.25
11/18/2022,GINGERSNAP    1.00_V,1.00,,59.25
11/18/2022,SEND E-TFR ***K4P   ,30.00,,29.25
11/21/2022,E-TRANSFER ***vUR   ,,60.00,89.25
11/21/2022,SEND E-TFR ***thx   ,30.00,,59.25
11/21/2022,FOOD BASICS  63   _M,22.01,,37.24
11/21/2022,LCBO/RAO #0407    _M,18.05,,19.19
11/21/2022,E-TRANSFER ***NJB   ,,50.00,69.19
11/21/2022,WINE RACK 169     _M,18.50,,50.69
11/21/2022,CANNA CABANA      _M,8.35,,42.34
11/21/2022,CHARTWELLS-1755   _M,5.97,,36.37
11/21/2022,SH VENDING80036   _M,2.90,,33.47
11/21/2022,SKIPTHEDISHES     _V,24.05,,9.42
11/22/2022,SH VENDING80036   _M,2.90,,6.52
11/22/2022,SH VENDING80036   _M,3.40,,3.12
11/22/2022,E-TRANSFER ***YCm   ,,60.00,63.12
11/22/2022,HEALTH SCIENCES   _M,3.00,,60.12
11/22/2022,LCBO/RAO #0407    _M,15.40,,44.72
11/22/2022,WALMART STORE #   _M,5.54,,39.18
11/22/2022,MCDONALD'S #403   _M,12.98,,26.20
11/22/2022,WALMART STORE #   _M,10.78,,15.42
11/22/2022,SHOPPERS DRUG M   _M,2.42,,13.00
11/23/2022,CANADA           PAY,,350.66,363.66
11/23/2022,UBER CANADA       _V,38.39,,325.27
11/23/2022,REHAN'S YIG #16   _M,20.34,,304.93
11/23/2022,WINE RACK 169     _M,14.95,,289.98
11/23/2022,JUICE ON THE LO   _M,33.88,,256.10
11/24/2022,CANADA           GSL,,2123.93,2380.03
11/24/2022,SEND E-TFR ***sc6   ,150.00,,2230.03
11/24/2022,SKIPTHEDISHES     _V,30.60,,2199.43
11/25/2022,DD                _V,16.34,,2183.09
11/25/2022,SKIPTHEDISHES     _V,20.60,,2162.49
11/25/2022,UBER CANADA       _V,39.94,,2122.55
11/25/2022,        EQ BANK  FTD,1000.00,,1122.55
11/28/2022,D   A FINE MEAT   _M,134.10,,988.45
11/28/2022,WINE RACK 169     _M,18.50,,969.95
11/28/2022,SHOPPERS DRUG M   _M,96.01,,873.94
11/28/2022,SKIPTHEDISHES     _V,24.05,,849.89
11/28/2022,EM&MAY            _V,113.83,,736.06
11/28/2022,CHARTWELLS-1755   _M,10.70,,725.36
11/28/2022,        EQ BANK  FTD,600.00,,125.36
11/29/2022,SKIPTHEDISHES     _V,22.60,,102.76
11/30/2022,CHARTWELLS-1755   _M,21.32,,81.44
11/30/2022,SKIPTHEDISHES     _V,27.00,,54.44
12/01/2022,CHARTWELLS-1755   _M,12.51,,41.93
12/01/2022,E-TRANSFER ***U9j   ,,100.00,141.93
12/01/2022,WINE RACK 169     _M,33.90,,108.03
12/01/2022,CANNA CABANA      _M,26.56,,81.47
12/05/2022,DOORDASH*SAHAR    _V,29.31,,52.16
12/05/2022,SKIPTHEDISHES     _V,19.05,,33.11
12/05/2022,SEND E-TFR ***6XH   ,25.00,,8.11
12/05/2022,E-TRANSFER ***3EK   ,,50.00,58.11
12/05/2022,CHARTWELLS-1755   _M,12.87,,45.24
12/07/2022,CANADA           PAY,,593.67,638.91
12/07/2022,DD                _V,27.92,,610.99
12/07/2022,REHAN'S YIG #16   _M,115.97,,495.02
12/07/2022,PETRO-CANADA      _M,18.14,,476.88
12/07/2022,LCBO/RAO #0407    _M,50.30,,426.58
12/07/2022,JUICE ON THE LO   _M,40.66,,385.92
12/09/2022,UBER CANADA       _V,30.24,,355.68
12/09/2022,GINGERSNAP    1.00_V,,1.00,356.68
12/12/2022,CANNA CABANA      _M,8.19,,348.49
12/12/2022,DI GUSTO PIZZA    _M,48.59,,299.90
12/12/2022,SKIPTHEDISHES     _V,34.00,,265.90
12/12/2022,TIM HORTONS #04   _M,7.67,,258.23
12/13/2022,KFC #1533         _M,27.66,,230.57
12/14/2022,SKIPTHEDISHES     _V,18.45,,212.12
12/14/2022,SKIPTHEDISHES     _V,24.05,,188.07
12/15/2022,SKIPTHEDISHES     _V,26.05,,162.02
12/16/2022,FOCUS MEDICAL     _V,25.00,,137.02
12/16/2022,E-TRANSFER ***p9f   ,,80.00,217.02
12/19/2022,RISTORANTE VERD     ,151.08,,65.94
12/19/2022,SHELL C08820      _M,10.14,,55.80
12/19/2022,E-TRANSFER ***y2J   ,,55.00,110.80
12/19/2022,D   A FINE MEAT   _M,29.31,,81.49
12/19/2022,LCBO/RAO #0407    _M,50.30,,31.19
12/19/2022,REGENCY BAKERY    _M,1.20,,29.99
12/19/2022,Highlife Cannab   _V,27.11,,2.88
12/20/2022,E-TRANSFER ***nrH   ,,40.00,42.88
12/20/2022,SKIPTHEDISHES     _V,27.60,,15.28
12/21/2022,CANADA           PAY,,116.35,131.63
12/21/2022,CANADA           PAY,,484.06,615.69
12/21/2022,SKIPTHEDISHES     _V,25.70,,589.99
12/21/2022,SKIPTHEDISHES     _V,18.05,,571.94
12/22/2022,SKIPTHEDISHES     _V,25.15,,546.79
12/22/2022,HARVEYS #2472     _M,14.68,,532.11
12/23/2022,SEND E-TFR ***NWH   ,55.00,,477.11
12/28/2022,VALUE BUDS FLET   _M,27.09,,450.02
12/28/2022,LCBO/RAO #470     _M,16.10,,433.92
12/28/2022,SP CUCHARA JEWE   _V,201.14,,232.78
12/28/2022,LCBO/RAO #        _M,16.10,,216.68
12/28/2022,LCBO/RAO #0470    _M,16.10,,200.58
12/29/2022,LCBO/RAO #470     _M,16.10,,184.48
12/30/2022,LCBO/RAO #470     _M,16.10,,168.38
01/03/2023,LCBO/RAO #470     _M,16.10,,152.28
01/03/2023,HARVEYS #2472     _M,14.23,,138.05
01/03/2023,SKIPTHEDISHES     _V,19.05,,119.00
01/03/2023,DI GUSTO PIZZA    _M,111.22,,7.78
01/03/2023,E-TRANSFER ***wCW   ,,50.00,57.78
01/03/2023,SWEET SEVEN CAN   _M,31.63,,26.15
01/03/2023,E-TRANSFER ***mCb   ,,73.00,99.15
01/03/2023,PIZZERIA ROMA 1   _M,13.50,,85.65
01/03/2023,E-TRANSFER ***F8j   ,,100.00,185.65
01/03/2023,SHOPPERS DRUG M   _M,96.01,,89.64
01/03/2023,E-TRANSFER ***PU7   ,,20.00,109.64
01/04/2023,KIN HAO SUSHI A   _M,99.92,,9.72
01/04/2023,CANADA           PAY,,272.98,282.70
01/06/2023,SH VENDING80036   _M,2.90,,279.80
01/09/2023,DD                _V,30.50,,249.30
01/09/2023,JUICE ON THE LO   _M,20.33,,228.97
01/09/2023,E-TRANSFER ***Hpr   ,,3000.00,3228.97
01/09/2023,LRNTN UNIV   K8U5Z4 ,2900.00,,328.97
01/09/2023,CHARTWELLS-1755   _M,10.70,,318.27
01/09/2023,AMZN Mktp CA      _V,9.20,,309.07
01/10/2023,E-TRANSFER ***94D   ,,2200.00,2509.07
01/10/2023,LRNTN UNIV   L5Y4L8 ,2200.00,,309.07
01/10/2023,REGENCY BAKERY    _M,30.86,,278.21
01/10/2023,D   A FINE MEAT   _M,74.88,,203.33
01/10/2023,WINE RACK 169     _M,18.90,,184.43
01/11/2023,Highlife Cannab   _V,27.46,,156.97
01/11/2023,LCBO/RAO #0407    _M,11.95,,145.02
01/12/2023,GOODFOOD M* GOO   _V,4.00,,141.02
01/12/2023,WINE RACK 169     _M,18.50,,122.52
01/12/2023,OSMOW'S           _M,19.75,,102.77
01/13/2023,E-TRANSFER ***gdF   ,,100.00,202.77
01/13/2023,LRNTN UNIV   Q7A3K3 ,105.38,,97.39
01/13/2023,LCBO/RAO #0287    _M,27.05,,70.34
01/16/2023,SKIPTHEDISHES     _V,27.05,,43.29
01/16/2023,E-TRANSFER ***kBN   ,,80.00,123.29
01/16/2023,WINE RACK 169     _M,22.05,,101.24
01/16/2023,MCDONALD'S #311   _M,14.55,,86.69
01/16/2023,JUICE ON THE LO   _M,79.08,,7.61
01/16/2023,GINGERSNAP    1.00_V,1.00,,6.61
01/17/2023,GINGERSNAP    1.00_V,1.00,,5.61
01/17/2023,E-TRANSFER ***tcn   ,,30.00,35.61
01/17/2023,CHARTWELLS-1755   _M,6.20,,29.41
01/17/2023,SKIPTHEDISHES     _V,27.60,,1.81
01/18/2023,CANADA           PAY,,235.99,237.80
01/18/2023,SKIPTHEDISHES     _V,27.60,,210.20
01/19/2023,WINE RACK 169     _M,20.50,,189.70
01/19/2023,KFC #1533         _M,22.01,,167.69
01/20/2023,TWIGGS COFFEE R   _V,17.23,,150.46
01/20/2023,Five Guys         _M,33.86,,116.60
01/20/2023,E-TRANSFER ***qDN   ,,15.00,131.60
01/20/2023,SKIPTHEDISHES     _V,48.10,,83.50
01/20/2023,DD                _V,29.14,,54.36
01/23/2023,Highlife Cannab   _V,27.11,,27.25
01/23/2023,SKIPTHEDISHES     _V,24.60,,2.65
01/23/2023,E-TRANSFER ***jXE   ,,100.00,102.65
01/23/2023,KIN HAO SUSHI A   _M,84.63,,18.02
01/23/2023,E-TRANSFER ***5ur   ,,50.00,68.02
01/23/2023,SKIPTHEDISHES     _V,30.60,,37.42
01/24/2023,CHARTWELLS-1755   _M,6.20,,31.22
01/24/2023,SH VENDING80036   _M,2.90,,28.32
01/25/2023,SH VENDING80036   _M,1.90,,26.42
01/25/2023,SH VENDING80036   _M,1.90,,24.52
01/25/2023,LCBO/RAO #0407    _M,23.15,,1.37
01/26/2023,E-TRANSFER ***cun   ,,50.00,51.37
01/26/2023,SKIPTHEDISHES     _V,19.39,,31.98
01/27/2023,LCBO/RAO #0407    _M,22.85,,9.13
01/27/2023,E-TRANSFER ***qrs   ,,30.00,39.13
01/30/2023,UBER CANADA       _V,25.74,,13.39
01/30/2023,E-TRANSFER ***WME   ,,40.00,53.39
01/30/2023,THE BARBER SHOP   _M,41.29,,12.10
01/30/2023,E-TRANSFER ***hwP   ,,25.00,37.10
01/30/2023,LCBO/RAO #652     _M,23.25,,13.85
01/30/2023,ESSO SUDBURY #2   _M,9.60,,4.25
01/30/2023,E-TRANSFER ***feM   ,,75.00,79.25
01/30/2023,THAI EXPRESS      _M,32.44,,46.81
01/30/2023,LCBO/RAO #0287    _M,2.80,,44.01
01/30/2023,PIZZERIA ROMA 1   _M,15.93,,28.08
01/30/2023,SHELL C07151      _M,8.69,,19.39
01/30/2023,SHELL C07151      _M,1.46,,17.93
01/31/2023,CHARTWELLS-1755   _M,9.35,,8.58
01/31/2023,E-TRANSFER ***2dA   ,,50.00,58.58
01/31/2023,LCBO/RAO #0407    _M,20.10,,38.48
01/31/2023,A W #4562         _M,24.39,,14.09
01/31/2023,E-TRANSFER ***FSx   ,,20.00,34.09
01/31/2023,SHELL C08820      _M,16.79,,17.30
